INSERT INTO BOOK VALUES('ROWLING HPPhilosopher', '0747532699', 'Harry Potter and the Philosopher\'s Stone', 'J. K. Rowling', 'Bloomsbury Publishing', '1997');
INSERT INTO BOOK VALUES('ROWLING HPChamber', '0747538492', 'Harry Potter and the Chamber of Secrets', 'J. K. Rowling', 'Bloomsbury Publishing', '1998');
INSERT INTO BOOK VALUES('ROWLING HPPrisoner', '0747542155', 'Harry Potter and the Prisoner of Azkaban', 'J. K. Rowling', 'Bloomsbury Publishing', '1999');
INSERT INTO BOOK VALUES('ROWLING HPGoblet', '074754624X', 'Harry Potter and the Goblet of Fire', 'J. K. Rowling', 'Bloomsbury Publishing', '2000');
INSERT INTO BOOK VALUES('ROWLING HPOrder', '0747551006', 'Harry Potter and the Order of the Phoenix', 'J. K. Rowling', 'Bloomsbury Publishing', '2003');
INSERT INTO BOOK VALUES('ROWLING HPHalf', '0747581088', 'Harry Potter and the Half-Blood Prince', 'J. K. Rowling', 'Bloomsbury Publishing', '2005');
INSERT INTO BOOK VALUES('ROWLING HPDeathly', '9780747591078', 'Harry Potter and the Deathly Hallows', 'J. K. Rowling', 'Bloomsbury Publishing', '2007');

INSERT INTO HasSubject VALUES('ROWLING HPPhilosopher', 'fantasy');
INSERT INTO HasSubject VALUES('ROWLING HPPhilosopher', 'fiction');
INSERT INTO HasSubject VALUES('ROWLING HPPhilosopher', 'youth');
INSERT INTO HasSubject VALUES('ROWLING HPChamber', 'fantasy');
INSERT INTO HasSubject VALUES('ROWLING HPChamber', 'fiction');
INSERT INTO HasSubject VALUES('ROWLING HPChamber', 'youth');
INSERT INTO HasSubject VALUES('ROWLING HPPrisoner', 'fantasy');
INSERT INTO HasSubject VALUES('ROWLING HPPrisoner', 'fiction');
INSERT INTO HasSubject VALUES('ROWLING HPPrisoner', 'youth');
INSERT INTO HasSubject VALUES('ROWLING HPGoblet', 'fantasy');
INSERT INTO HasSubject VALUES('ROWLING HPGoblet', 'fiction');
INSERT INTO HasSubject VALUES('ROWLING HPGoblet', 'youth');
INSERT INTO HasSubject VALUES('ROWLING HPOrder', 'fantasy');
INSERT INTO HasSubject VALUES('ROWLING HPOrder', 'fiction');
INSERT INTO HasSubject VALUES('ROWLING HPOrder', 'youth');
INSERT INTO HasSubject VALUES('ROWLING HPHalf', 'fantasy');
INSERT INTO HasSubject VALUES('ROWLING HPHalf', 'fiction');
INSERT INTO HasSubject VALUES('ROWLING HPHalf', 'youth');
INSERT INTO HasSubject VALUES('ROWLING HPDeathly', 'fantasy');
INSERT INTO HasSubject VALUES('ROWLING HPDeathly', 'fiction');
INSERT INTO HasSubject VALUES('ROWLING HPDeathly', 'youth');

INSERT INTO BOOK VALUES('STEWART Calculus', '0534251609', 'Stewart\'s Calculus, Third Edition', 'James Stewart', 'Brooks Cole', '1995');

INSERT INTO HasAuthor VALUES('STEWART Calculus', 'Daniel Anderson');
INSERT INTO HasAuthor VALUES('STEWART Calculus', 'Daniel Drucker');
INSERT INTO HasAuthor VALUES('STEWART Calculus', 'Andy Bulman-Fleming');

INSERT INTO HasSubject VALUES('STEWART Calculus', 'mathematics');
INSERT INTO HasSubject VALUES('STEWART Calculus', 'calculus');
INSERT INTO HasSubject VALUES('STEWART Calculus', 'textbook');

INSERT INTO BOOK VALUES('BIBLE', '0310941784', 'Holy Bible: King James Version', 'Not Available', 'Zondervan', '2010');

